SetID,Number,Variant,Theme,Subtheme,Year,Name,Minifigs,Pieces,UKPrice,USPrice,CAPrice,EUPrice,ImageURL,Owned,Wanted,QtyOwned
5860,10179,1,Star Wars,Ultimate Collector Series,2007,Ultimate Collector's Millennium Falcon,5,5197,342.49,499.99,,,http://images.brickset.com/sets/images/10179-1.jpg,No,No,0
6522,10188,1,Star Wars,Ultimate Collector Series,2008,Death Star,24,3803,274.99,399.99,499.99,419.99,http://images.brickset.com/sets/images/10188-1.jpg,No,No,0
4799,10143,1,Star Wars,Ultimate Collector Series,2005,Death Star II,,3441,249.99,269.99,,,http://images.brickset.com/sets/images/10143-1.jpg,No,No,0
23529,75059,1,Star Wars,Ultimate Collector Series,2014,Sandcrawler,14,3296,249.99,299.99,349.99,299.99,http://images.brickset.com/sets/images/75059-1.jpg,No,No,0
8733,10221,1,Star Wars,Ultimate Collector Series,2011,Super Star Destroyer ,5,3152,349.99,399.99,499.99,399.99,http://images.brickset.com/sets/images/10221-1.jpg,No,No,0
32,10030,1,Star Wars,Ultimate Collector Series,2002,Imperial Star Destroyer,,3096,249.99,269.99,,,http://images.brickset.com/sets/images/10030-1.jpg,No,No,0
7681,10212,1,Star Wars,Ultimate Collector Series,2010,Imperial Shuttle,5,2503,245.99,259.99,309.99,259.99,http://images.brickset.com/sets/images/10212-1.jpg,No,No,0
9286,10225,1,Star Wars,Ultimate Collector Series,2012,R2-D2,1,2127,149.99,179.99,229.99,179.99,http://images.brickset.com/sets/images/10225-1.jpg,No,No,0
23682,75060,1,Star Wars,Ultimate Collector Series,2015,Slave I,4,1996,169.99,199.99,229.99,199.99,http://images.brickset.com/sets/images/75060-1.jpg,No,No,0
22807,10236,1,Star Wars,Episode VI,2013,Ewok Village,17,1990,199.99,249.99,299.99,249.99,http://images.brickset.com/sets/images/10236-1.jpg,No,No,0
21,10018,1,Star Wars,Ultimate Collector Series,2001,Darth Maul,,1868,,150,,,http://images.brickset.com/sets/images/10018-1.jpg,No,No,0
7086,10195,1,Star Wars,The Clone Wars,2009,Republic Dropship with AT-OT Walker,8,1758,183.99,249.99,349.99,249.99,http://images.brickset.com/sets/images/10195-1.jpg,No,No,0
22,10019,1,Star Wars,Ultimate Collector Series,2001,Rebel Blockade Runner,,1747,,200,,,http://images.brickset.com/sets/images/10019-1.jpg,No,No,0
24083,75095,1,Star Wars,Ultimate Collector Series,2015,TIE Fighter,1,1685,169.99,199.99,229.99,199.99,http://images.brickset.com/sets/images/75095-1.jpg,No,No,0
4880,10144,1,Star Wars,Episode IV,2005,Sandcrawler,11,1669,107.65,139.99,,,http://images.brickset.com/sets/images/10144-1.jpg,No,No,0
22578,10240,1,Star Wars,Ultimate Collector Series,2013,Red Five X-wing Starfighter,1,1559,169.99,199.99,249.99,199.99,http://images.brickset.com/sets/images/10240-1.jpg,No,No,0
9288,10227,1,Star Wars,Ultimate Collector Series,2012,B-Wing Starfighter,,1487,169.99,199.99,249.99,199.99,http://images.brickset.com/sets/images/10227-1.jpg,No,No,0
98,10134,1,Star Wars,Ultimate Collector Series,2004,Y-wing Attack Starfighter,1,1473,109.99,120,,,http://images.brickset.com/sets/images/10134-1.jpg,No,No,0
94,10129,1,Star Wars,Ultimate Collector Series,2003,Rebel Snowspeeder,,1455,,130,,,http://images.brickset.com/sets/images/10129-1.jpg,No,No,0
7127,10198,1,Star Wars,Episode IV,2009,Tantive IV,5,1408,122.99,149.99,199.99,149.99,http://images.brickset.com/sets/images/10198-1.jpg,No,No,0
4766,6211,1,Star Wars,Episode IV,2006,Imperial Star Destroyer,9,1367,79.99,99.99,,,http://images.brickset.com/sets/images/6211-1.jpg,No,No,0
23036,66473,1,Star Wars,Product Collection,2013,LEGO Star Wars Super Pack,,1360,,,,,http://images.brickset.com/sets/images/66473-1.jpg,No,No,0
23366,75055,1,Star Wars,Episode IV,2014,Imperial Star Destroyer,7,1359,119.99,129.99,149.99,129.99,http://images.brickset.com/sets/images/75055-1.jpg,No,No,0
5610,7662,1,Star Wars,Episode I,2007,Trade Federation MTT,21,1330,78.29,99.99,,,http://images.brickset.com/sets/images/7662-1.jpg,No,No,0
24227,75105,1,Star Wars,The Force Awakens,2015,Millennium Falcon,7,1329,129.99,149.99,179.99,149.99,http://images.brickset.com/sets/images/75105-1.jpg,No,No,0
3832,7191,1,Star Wars,Ultimate Collector Series,2000,X-wing Fighter,1,1300,,150,,,http://images.brickset.com/sets/images/7191-1.jpg,No,No,0
8592,7965,1,Star Wars,Episode IV,2011,Millennium Falcon,6,1254,132.99,139.99,179.99,149.99,http://images.brickset.com/sets/images/7965-1.jpg,No,No,0
24228,75106,1,Star Wars,Rebels,2015,Imperial Assault Carrier,6,1216,99.99,129.99,149.99,129.99,http://images.brickset.com/sets/images/75106-1.jpg,No,No,0
5535,10175,1,Star Wars,Ultimate Collector Series,2006,Vader's TIE Advanced,,1212,79.99,99.99,,,http://images.brickset.com/sets/images/10175-1.jpg,No,No,0
10228,75021,1,Star Wars,Episode II,2013,Republic Gunship,7,1175,109.99,119.99,149.99,129.99,http://images.brickset.com/sets/images/75021-1.jpg,No,No,0
6940,8039,1,Star Wars,The Clone Wars,2009,Venator-Class Republic Attack Cruiser,5,1170,102.99,119.99,149.99,139.99,http://images.brickset.com/sets/images/8039-1.jpg,No,No,0
23751,66512,1,Star Wars,Product Collection,2014,Rebels Co-Pack,,1163,,109.99,,,http://images.brickset.com/sets/images/66512-1.jpg,No,No,0
7581,8098,1,Star Wars,The Clone Wars,2010,Clone Turbo Tank,6,1141,102.99,119.99,159.99,129.99,http://images.brickset.com/sets/images/8098-1.jpg,No,No,0
23364,75054,1,Star Wars,Episode V,2014,AT-AT,5,1138,109.99,109.99,129.99,119.99,http://images.brickset.com/sets/images/75054-1.jpg,No,No,0
6111,10178,1,Star Wars,Episode V,2007,Motorised Walking AT-AT,4,1137,89.99,129.99,159.99,,http://images.brickset.com/sets/images/10178-1.jpg,No,No,0
9201,9515,1,Star Wars,The Clone Wars,2012,Malevolence,6,1092,99.99,119.99,149.99,119.99,http://images.brickset.com/sets/images/9515-1.jpg,No,No,0
23694,66479,1,Star Wars,Product Collection,2014,Value Pack,,1087,,,,,http://images.brickset.com/sets/images/66479-1.jpg,No,No,0
6528,10186,1,Star Wars,Ultimate Collector Series,2008,General Grievous,,1085,63.59,89.99,,,http://images.brickset.com/sets/images/10186-1.jpg,No,No,0
3833,7194,1,Star Wars,Ultimate Collector Series,2002,Yoda,,1075,79.99,100,,,http://images.brickset.com/sets/images/7194-1.jpg,No,No,0
2144,4483,1,Star Wars,Episode V,2003,AT-AT,4,1068,89.99,100,,,http://images.brickset.com/sets/images/4483-1.jpg,No,No,0
5483,10174,1,Star Wars,Ultimate Collector Series,2006,Imperial AT-ST,,1068,58.69,79.99,,,http://images.brickset.com/sets/images/10174-1.jpg,No,No,0
6380,7676,1,Star Wars,The Clone Wars,2008,Republic Attack Gunship,7,1034,84.99,119.99,,,http://images.brickset.com/sets/images/7676-1.jpg,No,No,0
8591,7964,1,Star Wars,The Clone Wars,2011,Republic Frigate,5,1015,102.99,119.99,154.99,129.99,http://images.brickset.com/sets/images/7964-1.jpg,No,No,0
24226,75104,1,Star Wars,The Force Awakens,2015,Kylo Ren's Command Shuttle,6,1005,99.99,119.99,149.99,119.99,http://images.brickset.com/sets/images/75104-1.jpg,No,No,0
2163,4504,1,Star Wars,Episode V,2004,Millennium Falcon,5,985,99.99,100,,,http://images.brickset.com/sets/images/4504-1.jpg,No,No,0
23680,75058,1,Star Wars,Episode I,2014,MTT,12,954,89.99,89.99,109.99,99.99,http://images.brickset.com/sets/images/75058-1.jpg,No,No,0
24222,75094,1,Star Wars,Episode VI,2015, Imperial Shuttle Tydirium,5,937,79.99,99.99,119.99,99.99,http://images.brickset.com/sets/images/75094-1.jpg,No,No,0
23371,75053,1,Star Wars,Rebels,2014,The Ghost,4,929,69.99,89.99,109.99,99.99,http://images.brickset.com/sets/images/75053-1.jpg,No,No,0
10281,75025,1,Star Wars,The Old Republic,2013,Jedi Defender-class Cruiser,4,927,99.99,89.99,119.99,99.99,http://images.brickset.com/sets/images/75025-1.jpg,No,No,0
5934,7665,1,Star Wars,Episode I,2007,Republic Cruiser,5,919,69.99,89.99,,,http://images.brickset.com/sets/images/7665-1.jpg,No,No,0
3826,7171,1,Star Wars,Episode I,1999,Mos Espa Podrace,10,896,,90,,,http://images.brickset.com/sets/images/7171-1.jpg,No,No,0
6939,8038,1,Star Wars,Episode VI,2009,The Battle of Endor,12,890,84.99,99.99,129.99,99.99,http://images.brickset.com/sets/images/8038-1.jpg,No,No,0
6420,7680,1,Star Wars,The Clone Wars,2008,The Twilight,4,882,68.49,99.99,,,http://images.brickset.com/sets/images/7680-1.jpg,No,No,0
10227,75020,1,Star Wars,Episode VI,2013,Jabba's Sail Barge,6,850,99.99,119.99,149.99,119.99,http://images.brickset.com/sets/images/75020-1.jpg,No,No,0
23912,66495,1,Star Wars,Product Collection,2014,Star Wars Value Pack,,840,,,,,http://images.brickset.com/sets/images/66495-1.jpg,No,No,0
23025,66456,1,Star Wars,Product Collection,2013,Star Wars Value Pack,,821,,,,,http://images.brickset.com/sets/images/66456-1.jpg,No,No,0
7645,8129,1,Star Wars,Episode V,2010,AT-AT Walker,8,815,91.99,109.99,139.99,119.99,http://images.brickset.com/sets/images/8129-1.jpg,No,No,0
9336,7261,2,Star Wars,Episode III,2006,"Clone Turbo Tank (non-light-up, 2006 edition)",8,813,69.99,90,,,http://images.brickset.com/sets/images/7261-2.jpg,No,No,0
8590,7962,1,Star Wars,Episode I,2011,Anakin Skywalker and Sebulba's Podracers,5,810,81.99,89.99,119.99,99.99,http://images.brickset.com/sets/images/7962-1.jpg,No,No,0
3873,7261,1,Star Wars,Episode III,2005,Clone Turbo Tank,7,801,69.99,90,,,http://images.brickset.com/sets/images/7261-1.jpg,No,No,0
6379,7675,1,Star Wars,The Clone Wars,2008,AT-TE Walker,6,798,69.99,89.99,,,http://images.brickset.com/sets/images/7675-1.jpg,No,No,0
10226,75019,1,Star Wars,Episode II,2013,AT-TE ,5,794,79.99,89.99,119.99,99.99,http://images.brickset.com/sets/images/75019-1.jpg,No,No,0
24225,75103,1,Star Wars,The Force Awakens,2015,First Order Transporter,7,792,79.99,89.99,109.99,99.99,http://images.brickset.com/sets/images/75103-1.jpg,No,No,0
6970,7754,1,Star Wars,Episode VI,2009,Home One Mon Calamari Star Cruiser,6,789,89.99,109.99,139.99,,http://images.brickset.com/sets/images/7754-1.jpg,No,No,0
4765,6210,1,Star Wars,Episode VI,2006,Jabba's Sail Barge,8,781,59.99,74.99,,,http://images.brickset.com/sets/images/6210-1.jpg,No,No,0
8584,7879,1,Star Wars,Episode V,2011,Hoth Echo Base,8,773,91.99,89.99,119.99,99.99,http://images.brickset.com/sets/images/7879-1.jpg,No,No,0
9952,66432,1,Star Wars,Product Collection,2012,Super Pack 3-in-1,,763,,,,,http://images.brickset.com/sets/images/66432-1.jpg,No,No,0
9205,9500,1,Star Wars,The Old Republic,2012,Sith Fury-class Interceptor,3,741,79.99,89.99,119.99,99.99,http://images.brickset.com/sets/images/9500-1.jpg,No,No,0
10368,66449,1,Star Wars,Product Collection,2013,Super Pack 3-in-1,,727,,,,,http://images.brickset.com/sets/images/66449-1.jpg,No,No,0
24221,75093,1,Star Wars,Episode VI,2015,Death Star Final Duel,5,724,69.99,79.99,99.99,89.99,http://images.brickset.com/sets/images/75093-1.jpg,No,No,0
9203,9516,1,Star Wars,Episode VI,2012,Jabba's Palace,9,717,119.99,119.99,149.99,139.99,http://images.brickset.com/sets/images/9516-1.jpg,No,No,0
22970,75043,1,Star Wars,Episode III,2014,AT-AP,5,717,59.99,59.99,74.99,69.99,http://images.brickset.com/sets/images/75043-1.jpg,No,No,0
24224,75102,1,Star Wars,The Force Awakens,2015,Poe's X-wing Fighter,4,717,69.99,79.99,99.99,89.99,http://images.brickset.com/sets/images/75102-1.jpg,No,No,0
3828,7181,1,Star Wars,Ultimate Collector Series,2000,TIE Interceptor,,703,,100,,,http://images.brickset.com/sets/images/7181-1.jpg,No,No,0
90,10123,1,Star Wars,Episode V,2003,Cloud City,7,698,,100,,,http://images.brickset.com/sets/images/10123-1.jpg,No,No,0
3824,7163,1,Star Wars,Episode II,2002,Republic Gunship,8,693,79.99,90,,,http://images.brickset.com/sets/images/7163-1.jpg,No,No,0
95,10131,1,Star Wars,Legends,2004,TIE Fighter Collection,4,682,64.99,70,,,http://images.brickset.com/sets/images/10131-1.jpg,No,No,0
2142,4481,1,Star Wars,Episode II,2003,Hailfire Droid,,681,44.99,50,,,http://images.brickset.com/sets/images/4481-1.jpg,No,No,0
3368,65145,1,Star Wars,Product Collection,2002,X-wing Fighter / TIE Fighter & Y-wing Collectors Set,,677,,,,,,No,No,0
8075,10215,1,Star Wars,Ultimate Collector Series,2010,Obi-Wan's Jedi Starfighter,,676,94.99,99.99,129.99,99.99,http://images.brickset.com/sets/images/10215-1.jpg,No,No,0
3831,7190,1,Star Wars,Episode IV,2000,Millennium Falcon,6,663,,100,,,http://images.brickset.com/sets/images/7190-1.jpg,No,No,0
24510,75096,1,Star Wars,Episode I,2015,Sith Infiltrator,8,662,84.99,89.99,119.99,99.99,http://images.brickset.com/sets/images/75096-1.jpg,No,No,0
2143,4482,1,Star Wars,Episode II,2003,AT-TE,4,658,64.99,70,,,http://images.brickset.com/sets/images/4482-1.jpg,No,No,0
24798,75140,1,Star Wars,The Force Awakens,2016,Resistance Troop Transporter,,646,,,,69.99,http://images.brickset.com/sets/images/75140-1.jpg,No,No,0
9266,9526,1,Star Wars,Episode III,2012,Palpatine's Arrest,6,645,59.99,89.99,119.99,89.99,http://images.brickset.com/sets/images/9526-1.jpg,No,No,0
9099,66396,1,Star Wars,Product Collection,2011,Star Wars Super Pack 3 in 1,,644,,,,,http://images.brickset.com/sets/images/66396-1.jpg,No,No,0
6795,8019,1,Star Wars,The Clone Wars,2009,Republic Attack Shuttle,3,636,49.99,59.99,79.99,,http://images.brickset.com/sets/images/8019-1.jpg,No,No,0
9537,66411,1,Star Wars,Product Collection,2012,Super Pack 3-in-1,,633,84.99,,,,http://images.brickset.com/sets/images/66411-1.jpg,No,No,0
23368,75052,1,Star Wars,Episode IV,2014,Mos Eisley Cantina,8,615,64.99,69.99,89.99,79.99,http://images.brickset.com/sets/images/75052-1.jpg,No,No,0
6382,7679,1,Star Wars,The Clone Wars,2008,Republic Fighter Tank,2,592,48.95,49.99,,,http://images.brickset.com/sets/images/7679-1.jpg,No,No,0
7579,8096,1,Star Wars,Episode III,2010,Emperor Palpatine's Shuttle,4,592,61.99,59.99,79.99,69.99,http://images.brickset.com/sets/images/8096-1.jpg,No,No,0
3360,65081,1,Star Wars,Product Collection,2002,R2-D2 / C-3PO Droid Collectors Set,,581,,40,,,http://images.brickset.com/sets/images/65081-1.jpg,No,No,0
5609,7661,1,Star Wars,Episode III,2007,Jedi Starfighter with Hyperdrive Booster Ring,2,575,48.95,49.99,,,http://images.brickset.com/sets/images/7661-1.jpg,No,No,0
7580,8097,1,Star Wars,Episode V,2010,Slave I,3,573,81.99,79.99,109.99,89.99,http://images.brickset.com/sets/images/8097-1.jpg,No,No,0
6938,8037,1,Star Wars,The Clone Wars,2009,Anakin's Y-wing Starfighter,3,570,49.99,59.99,79.99,,http://images.brickset.com/sets/images/8037-1.jpg,No,No,0
23752,75084,1,Star Wars,Rebels,2015,Wookiee Gunship,4,570,59.99,69.99,89.99,69.99,http://images.brickset.com/sets/images/75084-1.jpg,No,No,0
5032,7283,1,Star Wars,Episode III,2005,Ultimate Space Battle,4,567,,50,,,http://images.brickset.com/sets/images/7283-1.jpg,No,No,0
24007,75086,1,Star Wars,Episode I,2015,Battle Droid Troop Carrier,15,565,39.99,39.99,49.99,49.99,http://images.brickset.com/sets/images/75086-1.jpg,No,No,0
2162,4502,1,Star Wars,Episode V,2004,X-wing Fighter,3,563,49.99,50,,,http://images.brickset.com/sets/images/4502-1.jpg,No,No,0
8882,9493,1,Star Wars,Episode IV,2012,X-wing Starfighter,4,560,49.99,59.99,74.99,69.99,http://images.brickset.com/sets/images/9493-1.jpg,No,No,0
4084,8002,1,Star Wars,Technic,2000,Destroyer Droid,,558,,50,,,http://images.brickset.com/sets/images/8002-1.jpg,No,No,0
10225,75018,1,Star Wars,Yoda Chronicles,2013,JEK-14's Stealth Starfighter,4,550,59.99,69.99,89.99,69.99,http://images.brickset.com/sets/images/75018-1.jpg,No,No,0
5842,7664,1,Star Wars,Legends,2007,TIE Crawler,2,548,39.99,49.99,,,http://images.brickset.com/sets/images/7664-1.jpg,No,No,0
5935,7666,1,Star Wars,Episode V,2007,Hoth Rebel Base,8,548,39.99,49.99,,,http://images.brickset.com/sets/images/7666-1.jpg,No,No,0
5073,65771,1,Star Wars,Product Collection,2005,Episode III Collectors' Set,,544,,60,,,http://images.brickset.com/sets/images/65771-1.jpg,No,No,0
5038,6209,1,Star Wars,Episode V,2006,Slave I,4,537,39.99,49.99,,,http://images.brickset.com/sets/images/6209-1.jpg,No,No,0
8110,66366,1,Star Wars,Product Collection,2010,Star Wars Super Pack 3 in 1,,531,,,,,http://images.brickset.com/sets/images/66366-1.jpg,No,No,0
24230,75101,1,Star Wars,The Force Awakens,2015,First Order Special Forces TIE Fighter,4,517,59.99,69.99,89.99,69.99,http://images.brickset.com/sets/images/75101-1.jpg,No,No,0
23786,75083,1,Star Wars,Rebels,2015,AT-DP,4,500,49.99,49.99,59.99,59.99,http://images.brickset.com/sets/images/75083-1.jpg,No,No,0
9861,75013,1,Star Wars,The Clone Wars,2013,Umbaran MHC (Mobile Heavy Cannon),4,493,49.99,49.99,64.99,59.99,http://images.brickset.com/sets/images/75013-1.jpg,No,No,0
23367,75051,1,Star Wars,Yoda Chronicles,2014,Jedi Scout Fighter,4,490,59.99,59.99,74.99,69.99,http://images.brickset.com/sets/images/75051-1.jpg,No,No,0
8637,66377,1,Star Wars,Product Collection,2011,Star Wars Super Pack 3 in 1,,484,,,,,http://images.brickset.com/sets/images/66377-1.jpg,No,No,0
6217,7672,1,Star Wars,Legends,2008,Rogue Shadow,3,482,48.95,49.99,,,http://images.brickset.com/sets/images/7672-1.jpg,No,No,0
22973,75046,1,Star Wars,The Clone Wars,2014,Coruscant Police Gunship,4,481,49.99,49.99,59.99,59.99,http://images.brickset.com/sets/images/75046-1.jpg,No,No,0
8589,7961,1,Star Wars,Episode I,2011,Darth Maul's Sith Infiltrator,4,479,59.99,69.99,89.99,69.99,http://images.brickset.com/sets/images/7961-1.jpg,No,No,0
5589,7659,1,Star Wars,Episode IV,2007,Imperial Landing Craft,5,471,48.95,49.99,,,http://images.brickset.com/sets/images/7659-1.jpg,No,No,0
6378,7674,1,Star Wars,The Clone Wars,2008,V-19 Torrent,1,471,48.95,54.99,,,http://images.brickset.com/sets/images/7674-1.jpg,No,No,0
3829,7184,1,Star Wars,Episode I,2000,Trade Federation MTT,7,470,,50,,,http://images.brickset.com/sets/images/7184-1.jpg,No,No,0
9202,9499,1,Star Wars,Episode I,2012,Gungan Sub,4,465,54.99,69.99,89.99,69.99,http://images.brickset.com/sets/images/9499-1.jpg,No,No,0
9079,9495,1,Star Wars,Episode IV,2012,Gold Leader's Y-wing Starfighter,3,458,49.99,49.99,64.99,49.99,http://images.brickset.com/sets/images/9495-1.jpg,No,No,0
5588,7658,1,Star Wars,Episode IV,2007,Y-wing Fighter,2,454,39.99,39.99,,,http://images.brickset.com/sets/images/7658-1.jpg,No,No,0
7578,8095,1,Star Wars,The Clone Wars,2010,General Grievous' Starfighter,3,454,45.99,49.99,69.99,49.99,http://images.brickset.com/sets/images/8095-1.jpg,No,No,0
23365,75050,1,Star Wars,Episode VI,2014,B-Wing,3,448,49.99,49.99,59.99,29.99,http://images.brickset.com/sets/images/75050-1.jpg,No,No,0
24229,75100,1,Star Wars,The Force Awakens,2015,First Order Snowspeeder,3,444,39.99,39.99,49.99,49.99,http://images.brickset.com/sets/images/75100-1.jpg,No,No,0
3830,7186,1,Star Wars,Episode I,2001,Watto's Junkyard,2,443,,50,,,http://images.brickset.com/sets/images/7186-1.jpg,No,No,0
24220,75092,1,Star Wars,Episode I,2015,Naboo Starfighter,9,442,54.99,49.99,59.99,64.99,http://images.brickset.com/sets/images/75092-1.jpg,No,No,0
22969,75042,1,Star Wars,Episode III,2014,Droid Gunship,4,439,44.99,49.99,59.99,49.99,http://images.brickset.com/sets/images/75042-1.jpg,No,No,0
5508,6212,1,Star Wars,Episode V,2006,X-wing Fighter,6,437,45.99,49.99,79.99,,http://images.brickset.com/sets/images/6212-1.jpg,No,No,0
15482,66221,1,Star Wars,Product Collection,2006,Bonus/Value Pack,,437,,,,,http://images.brickset.com/sets/images/66221-1.jpg,No,No,0
5033,6208,1,Star Wars,Episode VI,2006,B-wing Fighter,2,435,24.99,34.99,,,http://images.brickset.com/sets/images/6208-1.jpg,No,No,0
22972,75045,1,Star Wars,The Clone Wars,2014,Republic AV-7 Anti-Vehicle Cannon,4,434,44.99,39.99,49.99,49.99,http://images.brickset.com/sets/images/75045-1.jpg,No,No,0
6377,7673,1,Star Wars,The Clone Wars,2008,MagnaGuard Starfighter,2,431,39.15,44.99,,,http://images.brickset.com/sets/images/7673-1.jpg,No,No,0
10162,75014,1,Star Wars,Episode V,2013,Battle of Hoth,7,426,39.99,49.99,64.99,49.99,http://images.brickset.com/sets/images/75014-1.jpg,No,No,0
7642,8099,1,Star Wars,Episode IV,2010,Midi-Scale Imperial Star Destroyer,,423,34.99,39.99,49.99,,http://images.brickset.com/sets/images/8099-1.jpg,No,No,0
4095,8011,1,Star Wars,Technic,2002,Jango Fett,,422,29.99,30,,,http://images.brickset.com/sets/images/8011-1.jpg,No,No,0
7547,66308,1,Star Wars,Product Collection,2009,3 in 1 Superpack,,414,,,,,http://images.brickset.com/sets/images/66308-1.jpg,No,No,0
8797,9492,1,Star Wars,Episode IV,2012,TIE Fighter,4,413,49.99,54.99,69.99,49.99,http://images.brickset.com/sets/images/9492-1.jpg,No,No,0
3874,7262,1,Star Wars,Episode IV,2004,TIE Fighter and Y-Wing,3,412,,50,,,http://images.brickset.com/sets/images/7262-1.jpg,No,No,0
3819,7152,1,Star Wars,Episode IV,2002,TIE Fighter & Y-wing,3,410,,50,,,http://images.brickset.com/sets/images/7152-1.jpg,No,No,0
3817,7150,1,Star Wars,Episode IV,1999,TIE Fighter & Y-wing,3,409,,50,,,http://images.brickset.com/sets/images/7150-1.jpg,No,No,0
24959,75139,1,Star Wars,The Force Awakens,2016,Battle on Takodana,,409,,,,59.99,http://images.brickset.com/sets/images/75139-1.jpg,No,No,0
22776,YODACHRON,1,Star Wars,Yoda Chronicles,2013,Yoda Chronicles Promotional Set,,408,,0,,,http://images.brickset.com/sets/images/YODACHRON-1.jpg,No,No,0
6794,8018,1,Star Wars,The Clone Wars,2009,Armored Assault Tank (AAT),7,407,39.99,49.99,64.99,,http://images.brickset.com/sets/images/8018-1.jpg,No,No,0
9265,9525,1,Star Wars,The Clone Wars,2012,Pre Vizsla's Mandalorian Fighter,3,403,49.99,49.99,59.99,49.99,http://images.brickset.com/sets/images/9525-1.jpg,No,No,0
3871,7259,1,Star Wars,Episode III,2005,ARC-170 Fighter,4,396,29.99,40,,,http://images.brickset.com/sets/images/7259-1.jpg,No,No,0
7212,8088,1,Star Wars,The Clone Wars,2010,ARC-170 Starfighter,4,396,49.99,59.99,79.99,69.99,http://images.brickset.com/sets/images/8088-1.jpg,No,No,0
15480,66150,1,Star Wars,Product Collection,2006,Bonus/Value Pack,,396,,,,,,No,No,0
6216,7671,1,Star Wars,Episode III,2008,AT-AP Walker,2,392,39.15,39.99,,,http://images.brickset.com/sets/images/7671-1.jpg,No,No,0
4094,8010,1,Star Wars,Technic,2002,Darth Vader,,391,34.99,40,,,http://images.brickset.com/sets/images/8010-1.jpg,No,No,0
10224,75017,1,Star Wars,Episode II,2013,Duel on Geonosis,4,391,39.99,39.99,49.99,49.99,http://images.brickset.com/sets/images/75017-1.jpg,No,No,0
8332,7930,1,Star Wars,The Clone Wars,2011,Bounty Hunter Assault Gunship,4,389,40.99,49.99,64.99,49.99,http://images.brickset.com/sets/images/7930-1.jpg,No,No,0
8333,7931,1,Star Wars,The Clone Wars,2011,T-6 Jedi Shuttle,4,389,49.99,59.99,79.99,69.99,http://images.brickset.com/sets/images/7931-1.jpg,No,No,0
6951,7752,1,Star Wars,The Clone Wars,2009,Count Dooku's Solar Sailer,4,385,39.99,54.99,74.99,,http://images.brickset.com/sets/images/7752-1.jpg,No,No,0
9859,75005,1,Star Wars,Episode VI,2013,Rancor Pit,4,380,59.99,59.99,74.99,69.99,http://images.brickset.com/sets/images/75005-1.jpg,No,No,0
3823,7161,1,Star Wars,Episode I,1999,Gungan Sub,3,379,,50,,,http://images.brickset.com/sets/images/7161-1.jpg,No,No,0
4096,8012,1,Star Wars,Technic,2002,Super Battle Droid,,379,29.99,35,,,http://images.brickset.com/sets/images/8012-1.jpg,No,No,0
3872,7260,1,Star Wars,Episode III,2005,Wookiee Catamaran,6,376,39.99,50,,,http://images.brickset.com/sets/images/7260-1.jpg,No,No,0
9207,9497,1,Star Wars,The Old Republic,2012,Republic Striker-class Starfighter,3,376,39.99,44.99,49.99,49.99,http://images.brickset.com/sets/images/9497-1.jpg,No,No,0
9858,75004,1,Star Wars,The Clone Wars,2013,Z-95 Headhunter,3,373,39.99,49.99,59.99,49.99,http://images.brickset.com/sets/images/75004-1.jpg,No,No,0
6969,7753,1,Star Wars,The Clone Wars,2009,Pirate Tank,3,372,34.99,39.99,49.99,,http://images.brickset.com/sets/images/7753-1.jpg,No,No,0
15475,65845,1,Star Wars,Product Collection,2005,Bonus/Value Pack,,371,,,,,,No,No,0
23814,75087,1,Star Wars,The Clone Wars,2015,Anakin's Custom Jedi Starfighter,3,370,39.99,39.99,49.99,49.99,http://images.brickset.com/sets/images/75087-1.jpg,No,No,0
4797,7264,1,Star Wars,Episode VI,2005,Imperial Inspection,10,367,44.99,50,,,http://images.brickset.com/sets/images/7264-1.jpg,No,No,0
3870,7258,1,Star Wars,Episode III,2005,Wookiee Attack,5,366,24.99,30,,,http://images.brickset.com/sets/images/7258-1.jpg,No,No,0
9098,66395,1,Star Wars,Product Collection,2011,Star Wars Super Pack 3 in 1,,366,,,,,http://images.brickset.com/sets/images/66395-1.jpg,No,No,0
4083,8001,1,Star Wars,Technic,2000,Battle Droid,,363,,30,,,http://images.brickset.com/sets/images/8001-1.jpg,No,No,0
15465,65707,1,Star Wars,Product Collection,2004,Bonus/Value Pack,,363,,,,,,No,No,0
10280,75024,1,Star Wars,The Clone Wars,2013,HH-87 Starhopper,3,362,39.99,39.99,49.99,49.99,http://images.brickset.com/sets/images/75024-1.jpg,No,No,0
4090,8008,1,Star Wars,Technic,2001,Stormtrooper,,361,29.99,35,,,http://images.brickset.com/sets/images/8008-1.jpg,No,No,0
3820,7153,1,Star Wars,Episode II,2002,Jango Fett's Slave I,2,360,44.99,50,,,http://images.brickset.com/sets/images/7153-1.jpg,No,No,0
5192,65153,1,Star Wars,Product Collection,2002,Jango Fett's Slave I with Bonus Cargo Case,,360,,50,,,http://images.brickset.com/sets/images/65153-1.jpg,No,No,0
6936,7778,1,Star Wars,Episode IV,2009,Midi-scale Millennium Falcon,,356,34.99,39.99,,,http://images.brickset.com/sets/images/7778-1.jpg,No,No,0
23787,75082,1,Star Wars,Rebels,2015,TIE Advanced Prototype,3,355,39.99,39.99,49.99,49.99,http://images.brickset.com/sets/images/75082-1.jpg,No,No,0
9337,COMCON001,1,Star Wars,Miscellaneous,2008,Clone Wars (SDCC 2008 exclusive),5,351,,75.99,,,http://images.brickset.com/sets/images/COMCON001-1.jpg,No,No,0
7744,66341,1,Star Wars,Product Collection,2010,Star Wars Super Pack 3 in 1,,342,,,,,http://images.brickset.com/sets/images/66341-1.jpg,No,No,0
4089,8007,1,Star Wars,Technic,2001,C-3PO,,341,29.99,35,,,http://images.brickset.com/sets/images/8007-1.jpg,No,No,0
3827,7180,1,Star Wars,Episode VI,2000,B-wing at Rebel Control Center,3,338,,30,,,http://images.brickset.com/sets/images/7180-1.jpg,No,No,0
8317,7869,1,Star Wars,The Clone Wars,2011,Battle for Geonosis,5,331,35.99,39.99,49.99,39.99,http://images.brickset.com/sets/images/7869-1.jpg,No,No,0
8729,66378,1,Star Wars,Product Collection,2011,Star Wars Super Pack 3 in 1,,330,,,,,http://images.brickset.com/sets/images/66378-1.jpg,No,No,0
6381,7678,1,Star Wars,The Clone Wars,2008,Droid Gunship,3,329,24.49,29.99,,,http://images.brickset.com/sets/images/7678-1.jpg,No,No,0
8583,7877,1,Star Wars,Episode I,2011,Naboo Starfighter,6,318,40.99,49.99,59.99,49.99,http://images.brickset.com/sets/images/7877-1.jpg,No,No,0
7721,8128,1,Star Wars,The Clone Wars,2010,Cad Bane's Speeder,5,318,45.99,49.99,64.99,54.99,http://images.brickset.com/sets/images/8128-1.jpg,No,No,0
8140,66368,1,Star Wars,Product Collection,2010,Star Wars Super Pack 3 in 1,,316,,,,,http://images.brickset.com/sets/images/66368-1.jpg,No,No,0
8316,7868,1,Star Wars,The Clone Wars,2011,Mace Windu's Jedi Starfighter,5,313,35.99,39.99,49.99,39.99,http://images.brickset.com/sets/images/7868-1.jpg,No,No,0
24219,75091,1,Star Wars,Episode I,2015,Flash Speeder,5,312,34.99,29.99,39.99,35.99,http://images.brickset.com/sets/images/75091-1.jpg,No,No,0
5873,7663,1,Star Wars,Episode I,2007,Sith Infiltrator,1,310,24.99,29.99,,,http://images.brickset.com/sets/images/7663-1.jpg,No,No,0
8109,66364,1,Star Wars,Product Collection,2010,Star Wars Super Pack 3 in 1,,308,,,,,http://images.brickset.com/sets/images/66364-1.jpg,No,No,0
7211,8087,1,Star Wars,Legends,2010,TIE Defender,2,304,39.99,49.99,69.99,,http://images.brickset.com/sets/images/8087-1.jpg,No,No,0
15478,66142,1,Star Wars,Product Collection,2006,Bonus/Value Pack,,302,,,,,,No,No,0
9077,9494,1,Star Wars,Episode III,2012,Anakin's Jedi Interceptor,5,300,34.99,39.99,49.99,39.99,http://images.brickset.com/sets/images/9494-1.jpg,No,No,0
10014,66431,1,Star Wars,Product Collection,2012,Super Pack 3-in-1,,298,,,,,http://images.brickset.com/sets/images/66431-1.jpg,No,No,0
7576,8089,1,Star Wars,Episode V,2010,Hoth Wampa Cave,3,297,35.99,39.99,54.99,49.99,http://images.brickset.com/sets/images/8089-1.jpg,No,No,0
10223,75016,1,Star Wars,Episode II,2013,Homing Spider Droid,4,295,29.99,29.99,39.99,39.99,http://images.brickset.com/sets/images/75016-1.jpg,No,No,0
3822,7159,1,Star Wars,Episode I,2000,Star Wars Bucket,3,292,,25,,,http://images.brickset.com/sets/images/7159-1.jpg,No,No,0
24254,75097,1,Star Wars,Seasonal,2015,Star Wars Advent Calendar,9,292,24.99,39.99,49.99,29.99,http://images.brickset.com/sets/images/75097-1.jpg,No,No,0
6893,7751,1,Star Wars,The Clone Wars,2009,Ahsoka's Starfighter and Droids,4,291,31.29,39.99,,,http://images.brickset.com/sets/images/7751-1.jpg,No,No,0
23932,66515,1,Star Wars,Product Collection,2014,Microfighter Super Pack 3 in 1,,289,,,,,http://images.brickset.com/sets/images/66515-1.jpg,No,No,0
24874,66534,1,Star Wars,Product Collection,2015,Microfighter 3 in 1 Super Pack,,288,,,,,http://images.brickset.com/sets/images/66534-1.jpg,No,No,0
23931,66514,1,Star Wars,Product Collection,2014,Microfighter Super Pack 3 in 1,,285,,,,,http://images.brickset.com/sets/images/66514-1.jpg,No,No,0
3869,7257,1,Star Wars,Episode III,2005,Ultimate Lightsaber Duel,2,282,24.99,30,,,http://images.brickset.com/sets/images/7257-1.jpg,No,No,0
5608,7660,1,Star Wars,Episode I,2007,Naboo N-1 Starfighter with Vulture Droid,3,280,29.99,29.99,,,http://images.brickset.com/sets/images/7660-1.jpg,No,No,0
15472,65844,1,Star Wars,Product Collection,2005,Bonus/Value Pack,,280,,,,,,No,No,0
23370,75049,1,Star Wars,Episode V,2014,Snowspeeder,3,278,34.99,29.99,39.99,39.99,http://images.brickset.com/sets/images/75049-1.jpg,No,No,0
9417,4207901,1,Star Wars,Product Collection,2003,Star Wars MINI Bonus Pack,,277,,,,,http://images.brickset.com/sets/images/4207901-1.jpg,No,No,0
24845,66533,1,Star Wars,Product Collection,2015,Microfighter 3 in 1 Super Pack,,276,,,,,http://images.brickset.com/sets/images/66533-1.jpg,No,No,0
23441,75056,1,Star Wars,Seasonal,2014,Star Wars Advent Calendar,9,274,24.99,39.99,49.99,29.99,http://images.brickset.com/sets/images/75056-1.jpg,No,No,0
10222,75015,1,Star Wars,Episode II,2013,Corporate Alliance Tank Droid,3,271,19.99,19.99,24.99,26.99,http://images.brickset.com/sets/images/75015-1.jpg,No,No,0
7209,8086,1,Star Wars,The Clone Wars,2010,Droid Tri-Fighter,3,268,25.99,24.99,34.99,26.99,http://images.brickset.com/sets/images/8086-1.jpg,No,No,0
3812,7142,1,Star Wars,Episode IV,2002,X-wing Fighter,4,267,,30,,,http://images.brickset.com/sets/images/7142-1.jpg,No,No,0
3810,7140,1,Star Wars,Episode IV,1999,X-wing Fighter,4,266,,30,,,http://images.brickset.com/sets/images/7140-1.jpg,No,No,0
8587,7958,1,Star Wars,Seasonal,2011,Star Wars Advent Calendar,9,266,24.99,39.99,49.99,29.99,http://images.brickset.com/sets/images/7958-1.jpg,No,No,0
9352,COMCON015,1,Star Wars,Seasonal,2011,Advent calendar (SDCC 2011 exclusive),,266,,50,,,http://images.brickset.com/sets/images/COMCON015-1.jpg,No,No,0
22971,75044,1,Star Wars,Episode III,2014,Droid Tri-Fighter,4,262,34.99,29.99,39.99,39.99,http://images.brickset.com/sets/images/75044-1.jpg,No,No,0
22967,75040,1,Star Wars,Episode III,2014,General Grievous' Wheel Bike,2,261,19.99,24.99,29.99,29.99,http://images.brickset.com/sets/images/75040-1.jpg,No,No,0
3807,7133,1,Star Wars,Episode II,2002,Bounty Hunter Pursuit,3,259,27.99,30,,,http://images.brickset.com/sets/images/7133-1.jpg,No,No,0
6937,8036,1,Star Wars,The Clone Wars,2009,Separatist Shuttle,5,259,34.99,29.99,39.99,,http://images.brickset.com/sets/images/8036-1.jpg,No,No,0
10279,75023,1,Star Wars,Seasonal,2013,Star Wars Advent Calendar,9,254,24.99,39.99,49.99,29.99,http://images.brickset.com/sets/images/75023-1.jpg,No,No,0
23784,75090,1,Star Wars,Rebels,2015,Ezra's Speeder Bike,3,253,19.99,19.99,24.99,26.99,http://images.brickset.com/sets/images/75090-1.jpg,No,No,0
6793,8017,1,Star Wars,Episode IV,2009,Darth Vader's TIE Fighter,1,251,34.99,29.99,39.99,,http://images.brickset.com/sets/images/8017-1.jpg,No,No,0
23789,75080,1,Star Wars,Episode I,2015,AAT,3,251,24.99,24.99,29.99,29.99,http://images.brickset.com/sets/images/75080-1.jpg,No,No,0
6215,7670,1,Star Wars,The Clone Wars,2008,Hailfire Droid & Spider Droid,4,249,21.49,19.99,,,http://images.brickset.com/sets/images/7670-1.jpg,No,No,0
23788,75081,1,Star Wars,Episode IV,2015,T-16 Skyhopper,2,247,24.99,24.99,29.99,29.99,http://images.brickset.com/sets/images/75081-1.jpg,No,No,0
3818,7151,1,Star Wars,Episode I,1999,Sith Infiltrator,1,244,,30,,,http://images.brickset.com/sets/images/7151-1.jpg,No,No,0
5587,7657,1,Star Wars,Episode VI,2007,AT-ST,1,244,19.99,19.99,,,http://images.brickset.com/sets/images/7657-1.jpg,No,No,0
9204,9498,1,Star Wars,The Clone Wars,2012,Saesee Tiin's Jedi Starfighter,3,244,29.99,29.99,39.99,39.99,http://images.brickset.com/sets/images/9498-1.jpg,No,No,0
15470,65828,1,Star Wars,Product Collection,2005,Bonus/Value Pack,,244,,,,,,No,No,0
24843,66536,1,Star Wars,Product Collection,2015,Luke Skywalker and Darth Vader,,243,,,,,http://images.brickset.com/sets/images/66536-1.jpg,No,No,0
8229,7929,1,Star Wars,Episode I,2011,The Battle of Naboo,12,241,25.99,24.99,34.99,29.99,http://images.brickset.com/sets/images/7929-1.jpg,No,No,0
4091,8009,1,Star Wars,Technic,2002,R2-D2,,240,17.99,20,,,http://images.brickset.com/sets/images/8009-1.jpg,No,No,0
3825,7166,1,Star Wars,Episode VI,2001,Imperial Shuttle,4,238,27.99,35,,,http://images.brickset.com/sets/images/7166-1.jpg,No,No,0
9208,9509,1,Star Wars,Seasonal,2012,Star Wars Advent Calendar,10,234,24.99,49.99,49.99,29.99,http://images.brickset.com/sets/images/9509-1.jpg,No,No,0
23369,75048,1,Star Wars,Rebels,2014,The Phantom,2,234,19.99,24.99,29.99,29.99,http://images.brickset.com/sets/images/75048-1.jpg,No,No,0
5586,7656,1,Star Wars,Episode III,2007,General Grievous Starfighter,1,232,19.99,19.99,,,http://images.brickset.com/sets/images/7656-1.jpg,No,No,0
6792,8016,1,Star Wars,The Clone Wars,2009,Hyena Droid Bomber,3,232,24.99,19.99,26.99,,http://images.brickset.com/sets/images/8016-1.jpg,No,No,0
2141,4480,1,Star Wars,Episode VI,2003,Jabba's Palace,6,231,27.99,30,,,http://images.brickset.com/sets/images/4480-1.jpg,No,No,0
2140,4479,1,Star Wars,Episode V,2003,TIE Bomber,1,230,27.99,30,,,http://images.brickset.com/sets/images/4479-1.jpg,No,No,0
9860,75012,1,Star Wars,The Clone Wars,2013,BARC Speeder with Sidecar,4,226,24.99,24.99,29.99,29.99,http://images.brickset.com/sets/images/75012-1.jpg,No,No,0
4082,8000,1,Star Wars,Technic,2000,Pit Droid,,223,,20,,,http://images.brickset.com/sets/images/8000-1.jpg,No,No,0
22965,75038,1,Star Wars,Episode III,2014,Jedi Interceptor,2,223,19.99,24.99,29.99,29.99,http://images.brickset.com/sets/images/75038-1.jpg,No,No,0
9856,75002,1,Star Wars,The Clone Wars,2013,AT-RT,4,222,19.99,19.99,24.99,26.99,http://images.brickset.com/sets/images/75002-1.jpg,No,No,0
6934,7748,1,Star Wars,The Clone Wars,2009,Corporate Alliance Tank Droid,4,216,24.99,24.99,29.99,,http://images.brickset.com/sets/images/7748-1.jpg,No,No,0
3805,7130,1,Star Wars,Episode V,1999,Snowspeeder,3,215,,20,,,http://images.brickset.com/sets/images/7130-1.jpg,No,No,0
2160,4500,1,Star Wars,Episode V,2004,Rebel Snowspeeder,3,214,19.99,20,,,http://images.brickset.com/sets/images/4500-1.jpg,No,No,0
8586,7957,1,Star Wars,The Clone Wars,2011,Sith Nightspeeder,3,213,25.99,24.99,34.99,29.99,http://images.brickset.com/sets/images/7957-1.jpg,No,No,0
9206,9496,1,Star Wars,Episode VI,2012,Desert Skiff,4,213,24.99,24.99,29.99,29.99,http://images.brickset.com/sets/images/9496-1.jpg,No,No,0
5034,6206,1,Star Wars,Episode VI,2006,TIE Interceptor,1,212,17.99,20,,,http://images.brickset.com/sets/images/6206-1.jpg,No,No,0
10229,75022,1,Star Wars,The Clone Wars,2013,Mandalorian Speeder,3,211,24.99,24.99,29.99,29.99,http://images.brickset.com/sets/images/75022-1.jpg,No,No,0
6421,7681,1,Star Wars,The Clone Wars,2008,Separatist Spider Droid,5,206,21.49,29.99,,,http://images.brickset.com/sets/images/7681-1.jpg,No,No,0
22968,75041,1,Star Wars,Episode III,2014,Vulture Droid,3,205,19.99,24.99,29.99,29.99,http://images.brickset.com/sets/images/75041-1.jpg,No,No,0
3868,7256,1,Star Wars,Episode III,2005,Jedi Starfighter and Vulture Droid,1,202,14.99,20,,,http://images.brickset.com/sets/images/7256-1.jpg,No,No,0
22966,75039,1,Star Wars,Episode III,2014,V-Wing Starfighter,2,201,19.99,24.99,29.99,29.99,http://images.brickset.com/sets/images/75039-1.jpg,No,No,0
5035,6207,1,Star Wars,Episode VI,2006,A-wing Fighter,2,194,9.99,16,,,http://images.brickset.com/sets/images/6207-1.jpg,No,No,0
2161,4501,1,Star Wars,Episode IV,2004,Mos Eisley Cantina,5,193,27.99,30,,,http://images.brickset.com/sets/images/4501-1.jpg,No,No,0
24223,75099,1,Star Wars,The Force Awakens,2015,Rey's Speeder,2,193,19.99,19.99,24.99,26.99,http://images.brickset.com/sets/images/75099-1.jpg,No,No,0
22980,11905,1,Star Wars,The Clone Wars,2013,Brickmaster Star Wars: Battle for the Stolen Crystals parts,2,189,,,,,http://images.brickset.com/sets/images/11905-1.jpg,No,No,0
29,10026,1,Star Wars,Ultimate Collector Series,2002,Special Edition Naboo Starfighter,,187,,40,,,http://images.brickset.com/sets/images/10026-1.jpg,No,No,0
24465,75112,1,Star Wars,Buildable Figures,2015,General Grievous,,186,29.99,34.99,44.99,34.99,http://images.brickset.com/sets/images/75112-1.jpg,No,No,0
22958,75037,1,Star Wars,The Clone Wars,2014,Battle on Saleucami,5,183,14.99,14.99,17.99,19.99,http://images.brickset.com/sets/images/75037-1.jpg,No,No,0
3811,7141,1,Star Wars,Episode I,1999,Naboo Fighter,4,179,,20,,,http://images.brickset.com/sets/images/7141-1.jpg,No,No,0
24476,CELEB2015,1,Star Wars,Promotional,2015,Tatooine mini build,1,178,,,,,http://images.brickset.com/sets/images/CELEB2015-1.jpg,No,No,0
24873,FANEXPO2015,1,Star Wars,Promotional,2015,Tatooine Mini Build,,178,,,,,http://images.brickset.com/sets/images/FANEXPO2015-1.jpg,No,No,0
7207,8085,1,Star Wars,The Clone Wars,2010,Freeco Speeder,2,177,21.99,24.99,34.99,26.99,http://images.brickset.com/sets/images/8085-1.jpg,No,No,0
9857,75003,1,Star Wars,Episode VI,2013,A-wing Starfighter,3,177,24.99,24.99,29.99,29.99,http://images.brickset.com/sets/images/75003-1.jpg,No,No,0
24591,SDCC2015,2,Star Wars,Promotional,2015,Dagobah Mini Build,1,177,,,,,http://images.brickset.com/sets/images/SDCC2015-2.jpg,No,No,0
7570,8091,1,Star Wars,Episode III,2010,Republic Swamp Speeder,5,176,30.99,29.99,39.99,36.99,http://images.brickset.com/sets/images/8091-1.jpg,No,No,0
7577,8093,1,Star Wars,The Clone Wars,2010,Plo Koon's Jedi Starfighter,2,175,25.99,24.99,34.99,26.99,http://images.brickset.com/sets/images/8093-1.jpg,No,No,0
3815,7146,1,Star Wars,Episode IV,2001,TIE Fighter,2,171,17.99,20,,,http://images.brickset.com/sets/images/7146-1.jpg,No,No,0
2139,4478,1,Star Wars,Episode II,2003,Geonosian Fighter,4,170,19.99,20,,,http://images.brickset.com/sets/images/4478-1.jpg,No,No,0
3814,7144,1,Star Wars,Episode V,2000,Slave I,1,166,,20,,,http://images.brickset.com/sets/images/7144-1.jpg,No,No,0
8585,7956,1,Star Wars,Episode VI,2011,Ewok Attack,3,166,25.99,24.99,34.99,29.99,http://images.brickset.com/sets/images/7956-1.jpg,No,No,0
7213,8092,1,Star Wars,Episode IV,2010,Luke's Landspeeder,6,163,25.99,24.99,34.99,26.99,http://images.brickset.com/sets/images/8092-1.jpg,No,No,0
23833,75085,1,Star Wars,Episode II,2015,Hailfire Droid,3,163,19.99,19.99,24.99,26.99,http://images.brickset.com/sets/images/75085-1.jpg,No,No,0
24344,75111,1,Star Wars,Buildable Figures,2015,Darth Vader,,160,24.99,29.99,39.99,29.99,http://images.brickset.com/sets/images/75111-1.jpg,No,No,0
3875,7263,1,Star Wars,Episode IV,2005,TIE Fighter,2,159,14.99,20,,,http://images.brickset.com/sets/images/7263-1.jpg,No,No,0
3821,7155,1,Star Wars,Episode I,2000,Trade Federation AAT,2,158,,20,,,http://images.brickset.com/sets/images/7155-1.jpg,No,No,0
6935,7749,1,Star Wars,Episode V,2009,Echo Base,5,155,24.99,24.99,29.99,,http://images.brickset.com/sets/images/7749-1.jpg,No,No,0
8588,7959,1,Star Wars,The Clone Wars,2011,Geonosian Starfighter,3,155,29.99,29.99,39.99,39.99,http://images.brickset.com/sets/images/7959-1.jpg,No,No,0
6214,7669,1,Star Wars,The Clone Wars,2008,Anakin's Jedi Starfighter,2,153,21.49,19.99,,,http://images.brickset.com/sets/images/7669-1.jpg,No,No,0
3866,7252,1,Star Wars,Episode III,2005,Droid Tri-Fighter,1,148,9.99,15,,,http://images.brickset.com/sets/images/7252-1.jpg,No,No,0
23791,75078,1,Star Wars,Rebels,2015,Imperial Troop Transport,4,141,11.99,12.99,15.99,16.99,http://images.brickset.com/sets/images/75078-1.jpg,No,No,0
9459,PROMOSW007,1,Star Wars,Miscellaneous,2011,Star Wars Miniland Figures (Toy Fair 2011 Collector's Party) ,,140,,,,,http://images.brickset.com/sets/images/PROMOSW007-1.jpg,No,No,0
3813,7143,1,Star Wars,Episode II,2002,Jedi Starfighter,1,139,17.99,20,,,http://images.brickset.com/sets/images/7143-1.jpg,No,No,0
8320,7915,1,Star Wars,Legends,2011,Imperial V-wing Starfighter,2,139,24.99,19.99,24.99,26.99,http://images.brickset.com/sets/images/7915-1.jpg,No,No,0
8887,9490,1,Star Wars,Episode IV,2012,Droid Escape,4,137,19.99,19.99,24.99,26.99,http://images.brickset.com/sets/images/9490-1.jpg,No,No,0
3806,7131,1,Star Wars,Episode I,1999,Anakin's Podracer,3,136,,15,,,http://images.brickset.com/sets/images/7131-1.jpg,No,No,0
23780,FANEXPO001,1,Star Wars,MicroFighters,2014,The Ghost (FAN EXPO edition),1,134,,,,,http://images.brickset.com/sets/images/FANEXPO001-1.jpg,No,No,0
3802,7126,1,Star Wars,Episode I,2001,Battle Droid Carrier,7,133,,10,,,http://images.brickset.com/sets/images/7126-1.jpg,No,No,0
8886,9491,1,Star Wars,The Clone Wars,2012,Geonosian Cannon,4,132,19.99,19.99,24.99,26.99,http://images.brickset.com/sets/images/9491-1.jpg,No,No,0
23756,COMCON039,1,Star Wars,MicroFighters,2014,The Ghost,1,132,,,,,http://images.brickset.com/sets/images/COMCON039-1.jpg,No,No,0
22906,COMCON032,1,Star Wars,MicroFighters,2013,Jek-14 Mini Stealth Starfighter,1,127,,39.99,,,http://images.brickset.com/sets/images/COMCON032-1.jpg,No,No,0
3808,7134,1,Star Wars,Episode VI,2000,A-wing Fighter,2,125,,15,,,http://images.brickset.com/sets/images/7134-1.jpg,No,No,0
9854,75000,1,Star Wars,Episode II,2013,Clone Troopers vs. Droidekas,4,124,11.99,12.99,15.99,16.99,http://images.brickset.com/sets/images/75000-1.jpg,No,No,0
3809,7139,1,Star Wars,Episode VI,2002,Ewok Attack,4,121,10.99,13,,,http://images.brickset.com/sets/images/7139-1.jpg,No,No,0
5037,6205,1,Star Wars,Episode III,2006,V-wing Fighter,1,118,7.99,10,,,http://images.brickset.com/sets/images/6205-1.jpg,No,No,0
3799,7119,1,Star Wars,Episode V,2002,Twin-Pod Cloud Car,1,118,8.99,10,,,http://images.brickset.com/sets/images/7119-1.jpg,No,No,0
3837,7203,1,Star Wars,Episode I,2002,Jedi Defense I,3,111,5.99,7,,,http://images.brickset.com/sets/images/7203-1.jpg,No,No,0
3867,7255,1,Star Wars,Episode III,2005,General Grievous Chase,2,111,14.99,20,,,http://images.brickset.com/sets/images/7255-1.jpg,No,No,0
10124,COMCON024,1,Star Wars,MicroFighters,2012,Luke Skywalker's Landspeeder - Mini - New York Comic-Con 2012 Exclusive,1,110,,,,,http://images.brickset.com/sets/images/COMCON024-1.jpg,No,No,0
3864,7250,1,Star Wars,Episode III,2005,Clone Scout Walker,1,108,6.99,10,,,http://images.brickset.com/sets/images/7250-1.jpg,No,No,0
3803,7127,1,Star Wars,Episode VI,2001,Imperial AT-ST,1,107,8.99,10,,,http://images.brickset.com/sets/images/7127-1.jpg,No,No,0
3801,7124,1,Star Wars,Episode I,2000,Flash Speeder,1,106,,10,,,http://images.brickset.com/sets/images/7124-1.jpg,No,No,0
23867,75088,1,Star Wars,Legends,2015,Senate Commando Troopers,4,106,11.99,12.99,15.99,16.99,http://images.brickset.com/sets/images/75088-1.jpg,No,No,0
23796,75076,1,Star Wars,MicroFighters,2015,Republic Gunship,1,105,8.99,9.99,12.99,9.99,http://images.brickset.com/sets/images/75076-1.jpg,No,No,0
23785,75089,1,Star Wars,Legends,2015,Geonosis Troopers,4,105,11.99,12.99,15.99,16.99,http://images.brickset.com/sets/images/75089-1.jpg,No,No,0
2151,4490,1,Star Wars,Mini Building Set,2003,Republic Gunship,,102,6.99,7,,,http://images.brickset.com/sets/images/4490-1.jpg,No,No,0
5584,7654,1,Star Wars,Episode III,2007,Droids Battle Pack,7,102,8.99,9.99,,,http://images.brickset.com/sets/images/7654-1.jpg,No,No,0
9867,75011,1,Star Wars,Planet Set,2013,Tantive IV & Alderaan,1,102,11.99,9.99,,12.99,http://images.brickset.com/sets/images/75011-1.jpg,No,No,0
22956,75034,1,Star Wars,Episode IV,2014,Death Star Troopers,4,102,11.99,12.99,15.99,11.89,http://images.brickset.com/sets/images/75034-1.jpg,No,No,0
23797,75077,1,Star Wars,MicroFighters,2015,Homing Spider Droid,1,102,8.99,9.99,12.99,9.99,http://images.brickset.com/sets/images/75077-1.jpg,No,No,0
24780,75115,1,Star Wars,Buildable Figures,2016,Poe Dameron,,102,,19.99,,,http://images.brickset.com/sets/images/75115-1.jpg,No,No,0
22964,75033,1,Star Wars,MicroFighters,2014,Star Destroyer,1,100,8.99,9.99,12.99,9.99,http://images.brickset.com/sets/images/75033-1.jpg,No,No,0
2152,4491,1,Star Wars,Mini Building Set,2003,MTT,,99,6.99,7,,,http://images.brickset.com/sets/images/4491-1.jpg,No,No,0
7132,20010,1,Star Wars,Mini Building Set,2009,Republic Gunship,,99,4.59,,,,http://images.brickset.com/sets/images/20010-1.jpg,No,No,0
22955,75035,1,Star Wars,Episode III,2014,Kashyyyk Troopers,4,99,11.99,12.99,15.99,11.89,http://images.brickset.com/sets/images/75035-1.jpg,No,No,0
2138,4477,1,Star Wars,Episode IV,2003,T-16 Skyhopper ,1,98,12.99,15,,,http://images.brickset.com/sets/images/4477-1.jpg,No,No,0
2150,4489,1,Star Wars,Mini Building Set,2003,AT-AT,,98,6.99,7,,,http://images.brickset.com/sets/images/4489-1.jpg,No,No,0
8883,9488,1,Star Wars,The Clone Wars,2012,Elite Clone Trooper & Commando Droid Battle Pack,4,98,11.99,12.99,15.99,16.99,http://images.brickset.com/sets/images/9488-1.jpg,No,No,0
24781,75116,1,Star Wars,Buildable Figures,2016,Finn,,98,,,,,http://images.brickset.com/sets/images/75116-1.jpg,No,No,0
22963,75032,1,Star Wars,MicroFighters,2014,X-Wing Fighter,1,97,8.99,9.99,12.99,6.99,http://images.brickset.com/sets/images/75032-1.jpg,No,No,0
23794,75074,1,Star Wars,MicroFighters,2015,Snowspeeder,1,97,8.99,9.99,12.99,9.99,http://images.brickset.com/sets/images/75074-1.jpg,No,No,0
22959,75028,1,Star Wars,MicroFighters,2014,Clone Turbo Tank,1,96,8.99,9.99,12.99,8.99,http://images.brickset.com/sets/images/75028-1.jpg,No,No,0
22960,75029,1,Star Wars,MicroFighters,2014,AAT,1,95,8.99,9.99,12.99,9.99,http://images.brickset.com/sets/images/75029-1.jpg,No,No,0
23792,75072,1,Star Wars,MicroFighters,2015,ARC-170 Starfighter,1,95,8.99,9.99,12.99,9.99,http://images.brickset.com/sets/images/75072-1.jpg,No,No,0
23790,75079,1,Star Wars,Legends,2015,Shadow Troopers,4,95,11.99,12.99,15.99,16.99,http://images.brickset.com/sets/images/75079-1.jpg,No,No,0
6791,8015,1,Star Wars,The Clone Wars,2009,Assassin Droids Battle Pack,5,94,9.99,11.99,14.99,,http://images.brickset.com/sets/images/8015-1.jpg,No,No,0
7180,20009,1,Star Wars,Mini Building Set,2009,AT-TE Walker,,94,4.59,,,,http://images.brickset.com/sets/images/20009-1.jpg,No,No,0
22961,75030,1,Star Wars,MicroFighters,2014,Millennium Falcon,1,94,8.99,9.99,12.99,6.99,http://images.brickset.com/sets/images/75030-1.jpg,No,No,0
9348,COMCON010,1,Star Wars,Mini Building Set,2009,Mini Republic Dropship Mini AT-TE Brickmaster Pack (SDCC 2009 exclusive),,94,,50,,,,No,No,0
3797,7113,1,Star Wars,Episode II,2002,Tusken Raider Encounter,3,93,8.99,10,,,http://images.brickset.com/sets/images/7113-1.jpg,No,No,0
3804,7128,1,Star Wars,Episode VI,1999,Speeder Bikes,3,93,,10,,,http://images.brickset.com/sets/images/7128-1.jpg,No,No,0
22962,75031,1,Star Wars,MicroFighters,2014,TIE Interceptor,1,92,8.99,9.99,12.99,6.99,http://images.brickset.com/sets/images/75031-1.jpg,No,No,0
8101,20018,1,Star Wars,Mini Building Set,2010,AT-AT Walker,,88,,,,,http://images.brickset.com/sets/images/20018-1.jpg,No,No,0
23795,75075,1,Star Wars,MicroFighters,2015,AT-AT,1,88,8.99,9.99,12.99,9.99,http://images.brickset.com/sets/images/75075-1.jpg,No,No,0
2149,4488,1,Star Wars,Mini Building Set,2003,Millennium Falcon,,87,6.99,7,,,http://images.brickset.com/sets/images/4488-1.jpg,No,No,0
2153,4492,1,Star Wars,Mini Building Set,2004,Star Destroyer,,87,6.99,7,,,http://images.brickset.com/sets/images/4492-1.jpg,No,No,0
24782,75117,1,Star Wars,Buildable Figures,2016,Kylo Ren,,86,,24.99,,,http://images.brickset.com/sets/images/75117-1.jpg,No,No,0
8318,7913,1,Star Wars,The Clone Wars,2011,Clone Trooper Battle Pack,4,85,11.99,12.99,14.99,14.99,http://images.brickset.com/sets/images/7913-1.jpg,No,No,0
24462,75107,1,Star Wars,Buildable Figures,2015,Jango Fett,,85,14.99,19.99,24.99,19.99,http://images.brickset.com/sets/images/75107-1.jpg,No,No,0
6676,20007,1,Star Wars,Mini Building Set,2009,Republic Attack Cruiser,,84,,,,,http://images.brickset.com/sets/images/20007-1.jpg,No,No,0
24778,75113,1,Star Wars,Buildable Figures,2016,Rey,,84,,19.99,,,http://images.brickset.com/sets/images/75113-1.jpg,No,No,0
9776,COMCON019,1,Star Wars,MicroFighters,2012,Sith Infiltrator (SDCC 2012 exclusive),1,84,,40,,,http://images.brickset.com/sets/images/COMCON019-1.jpg,No,No,0
25653,66535,1,Star Wars,Product Collection,2015,Battle Pack 2 in 1,,83,,,,,http://images.brickset.com/sets/images/66535-1.jpg,No,No,0
9866,75010,1,Star Wars,Planet Set,2013,B-Wing Starfighter & Endor,1,83,11.99,9.99,,12.99,http://images.brickset.com/sets/images/75010-1.jpg,No,No,0
22957,75036,1,Star Wars,Episode III,2014,Utapau Troopers,4,83,11.99,12.99,15.99,11.89,http://images.brickset.com/sets/images/75036-1.jpg,No,No,0
24464,75109,1,Star Wars,Buildable Figures,2015,Obi-Wan Kenobi,,83,19.99,24.99,29.99,24.99,http://images.brickset.com/sets/images/75109-1.jpg,No,No,0
24343,75110,1,Star Wars,Buildable Figures,2015,Luke Skywalker,,83,19.99,19.99,24.99,19.99,http://images.brickset.com/sets/images/75110-1.jpg,No,No,0
2155,4494,1,Star Wars,Mini Building Set,2004,Imperial Shuttle,,82,6.99,7,,,http://images.brickset.com/sets/images/4494-1.jpg,No,No,0
3792,7103,1,Star Wars,Episode II,2002,Jedi Duel,2,82,8.99,10,,,http://images.brickset.com/sets/images/7103-1.jpg,No,No,0
3800,7121,1,Star Wars,Episode I,1999,Naboo Swamp,4,82,,10,,,http://images.brickset.com/sets/images/7121-1.jpg,No,No,0
6213,7668,1,Star Wars,Legends,2008,Rebel Scout Speeder,4,82,9.79,9.99,,,http://images.brickset.com/sets/images/7668-1.jpg,No,No,0
24463,75108,1,Star Wars,Buildable Figures,2015,Clone Commander Cody,,82,14.99,19.99,24.99,19.99,http://images.brickset.com/sets/images/75108-1.jpg,No,No,0
24783,75118,1,Star Wars,Buildable Figures,2016,Captain Phasma,,82,,19.99,,,http://images.brickset.com/sets/images/75118-1.jpg,No,No,0
6212,7667,1,Star Wars,Legends,2008,Imperial Dropship,4,81,9.79,9.99,,,http://images.brickset.com/sets/images/7667-1.jpg,No,No,0
8726,20021,1,Star Wars,Mini Building Set,2011,Bounty Hunter Assault Gunship,,81,,,,,http://images.brickset.com/sets/images/20021-1.jpg,No,No,0
24779,75114,1,Star Wars,Buildable Figures,2016,First Order Stormtrooper,,81,,19.99,,,http://images.brickset.com/sets/images/75114-1.jpg,No,No,0
8964,9675,1,Star Wars,Planet Set,2012,Sebulba's Podracer & Tatooine,1,80,9.99,9.99,12.99,9.99,http://images.brickset.com/sets/images/9675-1.jpg,No,No,0
9844,CELEBVI,1,Star Wars,MicroFighters,2012,Mini Slave I,1,80,,,,,http://images.brickset.com/sets/images/CELEBVI-1.jpg,No,No,0
7208,8083,1,Star Wars,Episode V,2010,Rebel Trooper Battle Pack,4,79,9.99,11.99,14.99,14.99,http://images.brickset.com/sets/images/8083-1.jpg,No,No,0
9093,9678,1,Star Wars,Planet Set,2012,Twin-Pod Cloud Car & Bespin,1,78,9.99,9.99,12.99,9.99,http://images.brickset.com/sets/images/9678-1.jpg,No,No,0
3798,7115,1,Star Wars,Episode I,2000,Gungan Patrol,2,77,,10,,,http://images.brickset.com/sets/images/7115-1.jpg,No,No,0
8885,9489,1,Star Wars,Episode VI,2012,Endor Rebel Trooper & Imperial Trooper Battle Pack,4,77,11.99,12.99,15.99,16.99,http://images.brickset.com/sets/images/9489-1.jpg,No,No,0
9092,9677,1,Star Wars,Planet Set,2012,X-wing Starfighter & Yavin 4,1,77,9.99,9.99,12.99,9.99,http://images.brickset.com/sets/images/9677-1.jpg,No,No,0
23793,75073,1,Star Wars,MicroFighters,2015,Vulture Droid,1,77,8.99,9.99,12.99,9.99,http://images.brickset.com/sets/images/75073-1.jpg,No,No,0
2145,4484,1,Star Wars,Mini Building Set,2003,X-Wing Fighter & TIE Advanced,,76,3.99,4,,,http://images.brickset.com/sets/images/4484-1.jpg,No,No,0
2147,4486,1,Star Wars,Mini Building Set,2003,AT-ST & Snowspeeder,,76,3.99,4,,,http://images.brickset.com/sets/images/4486-1.jpg,No,No,0
8616,20019,1,Star Wars,Mini Building Set,2011,Slave I,,76,,,,,http://images.brickset.com/sets/images/20019-1.jpg,No,No,0
7206,8084,1,Star Wars,Episode V,2010,Snowtrooper Battle Pack,4,74,9.99,11.99,14.99,14.99,http://images.brickset.com/sets/images/8084-1.jpg,No,No,0
9863,75007,1,Star Wars,Planet Set,2013,Republic Assault Ship & Coruscant,1,74,9.99,9.99,12.99,12.99,http://images.brickset.com/sets/images/75007-1.jpg,No,No,0
2146,4485,1,Star Wars,Mini Building Set,2003,Sebulba's Podracer & Anakin's Podracer,,72,3.99,4,,,http://images.brickset.com/sets/images/4485-1.jpg,No,No,0
6790,8014,1,Star Wars,The Clone Wars,2009,Clone Walker Battle Pack,4,72,9.99,11.99,14.99,,http://images.brickset.com/sets/images/8014-1.jpg,No,No,0
7917,20016,1,Star Wars,Mini Building Set,2010,Imperial Shuttle,,70,,,,,http://images.brickset.com/sets/images/20016-1.jpg,No,No,0
9865,75009,1,Star Wars,Planet Set,2013,Snowspeeder & Hoth,1,69,11.99,9.99,,12.99,http://images.brickset.com/sets/images/75009-1.jpg,No,No,0
8319,7914,1,Star Wars,The Clone Wars,2011,Mandalorian Battle Pack,4,68,11.99,12.99,14.99,14.99,http://images.brickset.com/sets/images/7914-1.jpg,No,No,0
6497,8029,1,Star Wars,Mini Building Set,2008,Mini Snowspeeder,,66,,,,,http://images.brickset.com/sets/images/8029-1.jpg,No,No,0
6596,8031,1,Star Wars,Mini Building Set,2008,V-19 Torrent,,66,,3.99,,,http://images.brickset.com/sets/images/8031-1.jpg,No,No,0
8963,9676,1,Star Wars,Planet Set,2012,TIE Interceptor & Death Star,1,65,9.99,9.99,12.99,9.99,http://images.brickset.com/sets/images/9676-1.jpg,No,No,0
9094,9679,1,Star Wars,Planet Set,2012,AT-ST & Endor,1,65,9.99,9.99,12.99,9.99,http://images.brickset.com/sets/images/9679-1.jpg,No,No,0
24082,30274,1,Star Wars,Rebels,2015,AT-DP,,65,,,,3.99,http://images.brickset.com/sets/images/30274-1.jpg,No,No,0
6642,20006,1,Star Wars,Mini Building Set,2008,Clone Turbo Tank,,64,,,,,http://images.brickset.com/sets/images/20006-1.jpg,No,No,0
25599,30278,1,Star Wars,The Force Awakens,2016,Poe's X-wing Fighter,,64,,3.99,,,http://images.brickset.com/sets/images/30278-1.jpg,No,No,0
2156,4495,1,Star Wars,Mini Building Set,2004,AT-TE,,63,6.99,7,,,http://images.brickset.com/sets/images/4495-1.jpg,No,No,0
9855,75001,1,Star Wars,The Old Republic,2013,Republic Troopers vs. Sith Troopers,4,63,11.99,12.99,15.99,16.99,http://images.brickset.com/sets/images/75001-1.jpg,No,No,0
3796,7111,1,Star Wars,Episode I,1999,Droid Fighter,,62,,6,,,http://images.brickset.com/sets/images/7111-1.jpg,No,No,0
7726,30051,1,Star Wars,Mini Building Set,2011,Mini X-wing,,61,,3.49,,,http://images.brickset.com/sets/images/30051-1.jpg,No,No,0
9862,75006,1,Star Wars,Planet Set,2013,Jedi Starfighter & Kamino,1,61,9.99,9.99,12.99,12.99,http://images.brickset.com/sets/images/75006-1.jpg,No,No,0
9864,75008,1,Star Wars,Planet Set,2013,TIE Bomber & Asteroid Field,1,60,9.99,9.99,12.99,12.99,http://images.brickset.com/sets/images/75008-1.jpg,No,No,0
5585,7655,1,Star Wars,Episode III,2007,Clone Troopers Battle Pack,4,58,8.99,9.99,,,http://images.brickset.com/sets/images/7655-1.jpg,No,No,0
24081,30272,1,Star Wars,Episode VI,2015,A-Wing Starfighter,,58,,,,3.99,http://images.brickset.com/sets/images/30272-1.jpg,No,No,0
23383,30246,1,Star Wars,Mini building set,2014,Imperial Shuttle,,57,,3.99,,,http://images.brickset.com/sets/images/30246-1.jpg,No,No,0
8962,9674,1,Star Wars,Planet Set,2012,Naboo Starfighter & Naboo,1,56,9.99,9.99,12.99,9.99,http://images.brickset.com/sets/images/9674-1.jpg,No,No,0
2154,4493,1,Star Wars,Mini Building Set,2004,Sith Infiltrator,,55,6.99,7,,,http://images.brickset.com/sets/images/4493-1.jpg,No,No,0
3793,7104,1,Star Wars,Episode VI,2000,Desert Skiff,2,55,,6,,,http://images.brickset.com/sets/images/7104-1.jpg,No,No,0
7725,30050,1,Star Wars,Mini Building Set,2010,Republic Attack Shuttle,,54,,3.49,,,http://images.brickset.com/sets/images/30050-1.jpg,No,No,0
10334,30240,1,Star Wars,Mini Building Set,2013,Z-95 Headhunter,,54,,4.99,,,http://images.brickset.com/sets/images/30240-1.jpg,No,No,0
23382,30247,1,Star Wars,Mini building set,2014,ARC-170 Starfighter,,54,,3.99,,,http://images.brickset.com/sets/images/30247-1.jpg,No,No,0
2148,4487,1,Star Wars,Mini Building Set,2003,Jedi Starfighter & Slave I,,53,3.99,4,,,http://images.brickset.com/sets/images/4487-1.jpg,No,No,0
3838,7204,1,Star Wars,Episode I,2002,Jedi Defense II,3,53,5.99,7,,,http://images.brickset.com/sets/images/7204-1.jpg,No,No,0
3865,7251,1,Star Wars,Episode III,2005,Darth Vader Transformation,3,53,4.99,7,,,http://images.brickset.com/sets/images/7251-1.jpg,No,No,0
9414,TF05,1,Star Wars,Promotional,2005,Toy Fair 2005 Star Wars V.I.P. Gala Set,3,53,,0,,,,No,No,0
3791,7101,1,Star Wars,Episode I,1999,Lightsaber Duel,2,52,,6,,,http://images.brickset.com/sets/images/7101-1.jpg,No,No,0
9260,30059,1,Star Wars,Mini Building Set,2012,MTT,,51,,3.97,,,http://images.brickset.com/sets/images/30059-1.jpg,No,No,0
3795,7110,1,Star Wars,Episode IV,1999,Landspeeder,2,49,,6,,,http://images.brickset.com/sets/images/7110-1.jpg,No,No,0
10335,30241,1,Star Wars,Mini Building Set,2013,Mandalorian Fighter,,49,,4.99,,,http://images.brickset.com/sets/images/30241-1.jpg,No,No,0
6574,6968,1,Star Wars,Mini Building Set,2005,Wookiee Attack,,48,,,,,http://images.brickset.com/sets/images/6968-1.jpg,No,No,0
10337,30243,1,Star Wars,Mini Building Set,2013,Umbaran MHC,,48,,,,,http://images.brickset.com/sets/images/30243-1.jpg,No,No,0
24129,30275,1,Star Wars,Rebels,2015,TIE Advanced Prototype,,47,,,,0,http://images.brickset.com/sets/images/30275-1.jpg,No,No,0
2136,4475,1,Star Wars,Episode VI,2003,Jabba's Message,3,46,5.99,7,,,http://images.brickset.com/sets/images/4475-1.jpg,No,No,0
8618,30052,1,Star Wars,Mini Building Set,2011,AAT,,46,,3.99,,,http://images.brickset.com/sets/images/30052-1.jpg,No,No,0
8680,30054,1,Star Wars,Mini Building Set,2011,AT-ST,,46,,,,,http://images.brickset.com/sets/images/30054-1.jpg,No,No,0
3794,7106,1,Star Wars,Episode IV,2001,Droid Escape,2,45,,6,,,http://images.brickset.com/sets/images/7106-1.jpg,No,No,0
8696,30055,1,Star Wars,Mini Building Set,2011,Vulture Droid,,45,,,,,http://images.brickset.com/sets/images/30055-1.jpg,No,No,0
10336,30242,1,Star Wars,Mini Building Set,2013,Republic Frigate,,45,,4.99,6.99,,http://images.brickset.com/sets/images/30242-1.jpg,No,No,0
23384,30244,1,Star Wars,Mini building set,2014,Anakin's Jedi Interceptor,,45,,4.49,,,http://images.brickset.com/sets/images/30244-1.jpg,No,No,0
6498,8028,1,Star Wars,Mini Building Set,2008,TIE Fighter,,44,,4.99,,,http://images.brickset.com/sets/images/8028-1.jpg,No,No,0
7030,8033,1,Star Wars,Mini Building Set,2009,General Grievous' Starfighter,,44,,3.99,,,http://images.brickset.com/sets/images/8033-1.jpg,No,No,0
4810,6967,1,Star Wars,Mini Building Set,2005,ARC  Fighter,,42,,,,,http://images.brickset.com/sets/images/6967-1.jpg,No,No,0
24024,TRUGHOST,1,Star Wars,Promotional,2014,The Ghost micro-model,,42,,,,,http://images.brickset.com/sets/images/TRUGHOST-1.jpg,No,No,0
3735,6963,1,Star Wars,Mini Building Set,2004,X-wing Fighter,,41,,,,,http://images.brickset.com/sets/images/6963-1.jpg,No,No,0
8619,30053,1,Star Wars,Mini Building Set,2011,Republic Attack Cruiser,,41,,3.99,,,http://images.brickset.com/sets/images/30053-1.jpg,No,No,0
24844,30276,1,Star Wars,The Force Awakens,2015,First Order Special Forces TIE Fighter,,41,,3.99,,,http://images.brickset.com/sets/images/30276-1.jpg,No,No,0
24494,TRUWOOKIEE,1,Star Wars,Promotional,2015,Wookiee Gunship,,41,,,,,http://images.brickset.com/sets/images/TRUWOOKIEE-1.jpg,No,No,0
2137,4476,1,Star Wars,Episode VI,2003,Jabba's Prize,2,40,5.99,7,,,http://images.brickset.com/sets/images/4476-1.jpg,No,No,0
22770,TRU03,1,Star Wars,Mini Building Set,2013,Mini Jek-14 Stealth Fighter,,40,,,,,http://images.brickset.com/sets/images/TRU03-1.jpg,No,No,0
4809,6966,1,Star Wars,Mini Building Set,2005,Jedi Starfighter,,38,,4.99,,,http://images.brickset.com/sets/images/6966-1.jpg,No,No,0
9219,30056,1,Star Wars,Mini Building Set,2012,Star Destroyer,,38,,,,,http://images.brickset.com/sets/images/30056-1.jpg,No,No,0
9253,30057,1,Star Wars,Mini Building Set,2012,Anakin's Pod Racer,,38,4.99,4.99,,,http://images.brickset.com/sets/images/30057-1.jpg,No,No,0
1469,3340,1,Star Wars,Minifig Pack,2000,"Emperor Palpatine, Darth Maul and Darth Vader Minifig Pack - Star Wars #1",3,32,,5,,,http://images.brickset.com/sets/images/3340-1.jpg,No,No,0
3737,6965,1,Star Wars,Mini Building Set,2004,TIE Interceptor,,32,,5,,,http://images.brickset.com/sets/images/6965-1.jpg,No,No,0
3835,7200,1,Star Wars,Episode VI,2002,Final Duel I,2,31,5.99,7,,,http://images.brickset.com/sets/images/7200-1.jpg,No,No,0
22772,May-13,1,Star Wars,Promotional,2013,Holocron Droid,,31,,,,,http://images.brickset.com/sets/images/MAY2013-1.jpg,No,No,0
1472,3343,1,Star Wars,Minifig Pack,2000,2 Battle Droids and Command Officer Minifig Pack - Star Wars #4,3,30,,5,,,http://images.brickset.com/sets/images/3343-1.jpg,No,No,0
7230,30005,1,Star Wars,Episode VI,2009,Imperial Speeder Bike,1,30,3.99,3.99,,,http://images.brickset.com/sets/images/30005-1.jpg,No,No,0
7231,30006,1,Star Wars,The Clone Wars,2009,Clone Walker,1,30,3.99,,,,http://images.brickset.com/sets/images/30006-1.jpg,No,No,0
7199,30004,1,Star Wars,The Clone Wars,2009,Battle Droid on STAP,1,28,,,,,http://images.brickset.com/sets/images/30004-1.jpg,No,No,0
25725,TRUXWING,2,Star Wars,Promotional,2015,Poe's X-Wing Fighter,,27,,,,,http://images.brickset.com/sets/images/TRUXWING-2.jpg,No,No,0
3836,7201,1,Star Wars,Episode VI,2002,Final Duel II,3,26,5.99,7,,,http://images.brickset.com/sets/images/7201-1.jpg,No,No,0
9413,PROMOSW004,1,Star Wars,Minifig Pack,2007,Star Wars Celebration IV Exclusive,,26,,49.99,,,,No,No,0
3736,6964,1,Star Wars,Mini Building Set,2004,Boba Fett's Slave I,,25,,,,,http://images.brickset.com/sets/images/6964-1.jpg,No,No,0
24406,5002939,1,Star Wars,Rebels,2015,The Phantom,,25,,,,,http://images.brickset.com/sets/images/5002939-1.jpg,No,No,0
9220,30058,1,Star Wars,Mini Building Set,2012,STAP,1,24,,,,,http://images.brickset.com/sets/images/30058-1.jpg,No,No,0
24651,SWCOMIC1,1,Star Wars,Magazine Gift,2015,Mini X-Wing Starfighter,,23,,,,,http://images.brickset.com/sets/images/SWCOMIC1-1.jpg,No,No,0
23670,TRUXWING,1,Star Wars,Promotional,2014,X-Wing,,23,,,,,http://images.brickset.com/sets/images/TRUXWING-1.jpg,No,No,0
1470,3341,1,Star Wars,Minifig Pack,2000,"Luke Skywalker, Han Solo and Boba Fett Minifig Pack - Star Wars #2",3,22,,5,,,http://images.brickset.com/sets/images/3341-1.jpg,No,No,0
1471,3342,1,Star Wars,Minifig Pack,2000,Chewbacca and 2 Biker Scouts Minifig Pack - Star Wars #3,3,22,,5,,,http://images.brickset.com/sets/images/3342-1.jpg,No,No,0
8657,COMCON006,1,Star Wars,Miscellaneous,2009,Collectable Display Set 4,3,15,,49.99,,,http://images.brickset.com/sets/images/COMCON006-1.jpg,No,No,0
1394,3219,1,Star Wars,Mini Building Set,2002,Mini TIE Fighter,,12,,,,,http://images.brickset.com/sets/images/3219-1.jpg,No,No,0
23671,TRUTIE,1,Star Wars,Promotional,2014,TIE Fighter,,12,,,,,http://images.brickset.com/sets/images/TRUTIE-1.jpg,No,No,0
7135,4547551,1,Star Wars,Minifig Pack,2009,Chrome  Darth Vader,1,7,,,,,http://images.brickset.com/sets/images/4547551-1.jpg,No,No,0
9365,5000062,1,Star Wars,Minifig Pack,2012,Darth Maul,1,7,,0,,,http://images.brickset.com/sets/images/5000062-1.jpg,No,No,0
23567,5002123,1,Star Wars,The Old Republic,2014,Darth Revan,1,7,,,,,http://images.brickset.com/sets/images/5002123-1.jpg,No,No,0
25598,30605,1,Star Wars,The Force Awakens,2016,Finn (FN-2187),,5,,,,,http://images.brickset.com/sets/images/30605-1.jpg,No,No,0
7921,2853590,1,Star Wars,Minifig Pack,2010,Chrome Stormtrooper,1,5,,2.99,,,http://images.brickset.com/sets/images/2853590-1.jpg,No,No,0
8069,2853835,1,Star Wars,Minifig Pack,2010,White Boba Fett Figure,1,5,,,,,http://images.brickset.com/sets/images/2853835-1.jpg,No,No,0
8741,2856197,1,Star Wars,Minifig Pack,2011,Shadow ARF Trooper,1,5,0,0,,,http://images.brickset.com/sets/images/2856197-1.jpg,No,No,0
22665,5001621,1,Star Wars,Minifig Pack,2013,Han Solo (Hoth),1,5,,,,,http://images.brickset.com/sets/images/5001621-1.jpg,No,No,0
22832,5001709,1,Star Wars,Episode II,2013,Clone Trooper Lieutenant,1,5,,,,,http://images.brickset.com/sets/images/5001709-1.jpg,No,No,0
24320,5002938,1,Star Wars,Rebels,2015,Stormtrooper Sergeant,1,5,,,,,http://images.brickset.com/sets/images/5002938-1.jpg,No,No,0
8437,BOBAFETT1,1,Star Wars,Miscellaneous,2010,White Boba Fett minifig and Star Wars book,,5,,,,,http://images.brickset.com/sets/images/BOBAFETT1-1.jpg,No,No,0
8656,COMCON004,1,Star Wars,Miscellaneous,2009,Collectable Display Set 1,3,5,,49.99,,,http://images.brickset.com/sets/images/COMCON004-1.jpg,No,No,0
8659,COMCON008,1,Star Wars,Miscellaneous,2009,Collectable Display Set 3,3,5,,49.99,,,http://images.brickset.com/sets/images/COMCON008-1.jpg,No,No,0
8660,COMCON009,1,Star Wars,Miscellaneous,2009,Collectable Display Set 6,3,5,,49.99,,,http://images.brickset.com/sets/images/COMCON009-1.jpg,No,No,0
24166,5002947,1,Star Wars,Episode IV,2015,Admiral Yularen,1,4,,,,,http://images.brickset.com/sets/images/5002947-1.jpg,No,No,0
25870,5004406,1,Star Wars,The Force Awakens,2016,First Order General,,4,,,,,,No,No,0
8658,COMCON007,1,Star Wars,Miscellaneous,2009,Collectable Display Set 5,3,4,,49.99,,,http://images.brickset.com/sets/images/COMCON007-1.jpg,No,No,0
9595,5000063,1,Star Wars,Minifig Pack,2012,TC-14,1,3,0,0,,,http://images.brickset.com/sets/images/5000063-1.jpg,No,No,0
23396,5002122,1,Star Wars,Minifig Pack,2014,TC-4,1,3,4.99,,,,http://images.brickset.com/sets/images/5002122-1.jpg,No,No,0
24814,5002948,1,Star Wars,The Force Awakens,2015,C-3PO,1,3,,3.99,,,http://images.brickset.com/sets/images/5002948-1.jpg,No,No,0
9349,COMCON011,1,Star Wars,Miscellaneous,2009,Holo-Brick Archives (SDCC 2009 exclusive),,3,,,,,,No,No,0
22978,YODA,1,Star Wars,Promotional,2013,"Yoda minifig, NY I Heart Torso",1,3,,,,,http://images.brickset.com/sets/images/YODA-1.jpg,No,No,0
8655,COMCON005,1,Star Wars,Miscellaneous,2009,Collectable Display Set 2,3,2,,49.99,,,http://images.brickset.com/sets/images/COMCON005-1.jpg,No,No,0
9327,SW117PROMO,1,Star Wars,Promotional,2005,Darth Vader (Nrnberg Toy Fair 2005 Exclusive Figure),1,2,,,,,http://images.brickset.com/sets/images/SW117PROMO-1.jpg,No,No,0
8654,4521221,1,Star Wars,Minifig Pack,2007,Gold chrome plated C-3PO,,1,0,0,,,http://images.brickset.com/sets/images/4521221-1.jpg,No,No,0
25676,30UNIQUE15,1,Star Wars,The Force Awakens,2015,Force Friday Commemorative Brick,,1,,,,,http://images.brickset.com/sets/images/30UNIQUE15-1.jpg,No,No,0
25850,30279,1,Star Wars,The Force Awakens,2016,Kylo Ren's Command Shuttle,,,,,,,,No,No,0
24627,75098,1,Star Wars,Ultimate Collector Series,2016,Assault on Hoth,,,,249.99,,,,No,No,0
25607,75119,1,Star Wars,,2016,{?},,,,,,,,No,No,0
25608,75120,1,Star Wars,,2016,{?},,,,,,,,No,No,0
25609,75121,1,Star Wars,,2016,{?},,,,,,,,No,No,0
24958,75122,1,Star Wars,,2016,{?},,,,,,,,No,No,0
24784,75125,1,Star Wars,MicroFighters,2016,Resistance X-wing Fighter,,,,9.99,,,http://images.brickset.com/sets/images/75125-1.jpg,No,No,0
24785,75126,1,Star Wars,MicroFighters,2016,First Order Snowspeeder,,,,9.99,,,http://images.brickset.com/sets/images/75126-1.jpg,No,No,0
24786,75127,1,Star Wars,MicroFighters,2016,The Ghost,,,,9.99,,,http://images.brickset.com/sets/images/75127-1.jpg,No,No,0
24787,75128,1,Star Wars,MicroFighters,2016,TIE Advanced Prototype,,,,9.99,,,http://images.brickset.com/sets/images/75128-1.jpg,No,No,0
24788,75129,1,Star Wars,MicroFighters,2016,Wookiee Gunship,,,,9.99,,,http://images.brickset.com/sets/images/75129-1.jpg,No,No,0
24789,75130,1,Star Wars,MicroFighters,2016,AT-DP,,,,9.99,,,http://images.brickset.com/sets/images/75130-1.jpg,No,No,0
24790,75131,1,Star Wars,The Force Awakens,2016,Resistance Trooper Battle Pack,,,,,,,http://images.brickset.com/sets/images/75131-1.jpg,No,No,0
24791,75132,1,Star Wars,The Force Awakens,2016,First Order Battle Pack,,,,,,,http://images.brickset.com/sets/images/75132-1.jpg,No,No,0
24793,75133,1,Star Wars,Legends,2016,Rebel Alliance Battle Pack,,,,,,,http://images.brickset.com/sets/images/75133-1.jpg,No,No,0
24792,75134,1,Star Wars,Legends,2016,Galactic Empire Battle Pack,,,,,,,http://images.brickset.com/sets/images/75134-1.jpg,No,No,0
24794,75135,1,Star Wars,Episode III,2016,Obi-Wan's Jedi Interceptor,,,,,,,http://images.brickset.com/sets/images/75135-1.jpg,No,No,0
24795,75136,1,Star Wars,Episode IV,2016,Droid Escape Pod,,,,,,,http://images.brickset.com/sets/images/75136-1.jpg,No,No,0
24796,75137,1,Star Wars,Episode V,2016,Carbon Freezing Chamber,,,,,,,http://images.brickset.com/sets/images/75137-1.jpg,No,No,0
24797,75138,1,Star Wars,Episode V,2016,Hoth Attack,,,,,,,http://images.brickset.com/sets/images/75138-1.jpg,No,No,0
24799,75141,1,Star Wars,Rebels,2016,Kanan's Speeder Bike,,,,,,,http://images.brickset.com/sets/images/75141-1.jpg,No,No,0
24960,75142,1,Star Wars,Episode II,2016,Homing Spider Droid,,,,,,,,No,No,0
24961,75143,1,Star Wars,,2016,A-Wing Starfighter,,,,,,,,No,No,0
25727,75144,1,Star Wars,Ultimate Collectors Series,2016,Snowspeeder,,,,,,,,No,No,0
25605,75146,1,Star Wars,Seasonal,2016,Star Wars Advent Calendar,,,,,,,,No,No,0
25606,75148,1,Star Wars,,2016,{?},,,,,,,,No,No,0
25864,75159,1,Star Wars,Ultimate Collector Series,2016,The Death Star,,,,,,,,No,No,0
24865,5004822,1,Star Wars,Virtual Product Collection,2015,Buildable Figures Collection,,,,149.94,189.94,,http://images.brickset.com/sets/images/5004822-1.jpg,No,No,0
9416,PROMOSW002,1,Star Wars,Promotional,2005,Anakin Skywalker (International Toy Fair 2005 Exclusive Figure),,,,0,,,,No,No,0
9415,PROMOSW003,1,Star Wars,Promotional,2005,Luminara Unduli (International Toy Fair 2005 Exclusive Figure),,,,,,,,No,No,0
25863,SW911506,1,Star Wars,Magazine Gift,2015,Snowspeeder,,,,,,,http://images.brickset.com/sets/images/SW911506-1.jpg,No,No,0
24827,SW911508,1,Star Wars,Magazine Gift,2015,Mini Slave I,,,,,,,http://images.brickset.com/sets/images/SW911508-1.jpg,No,No,0
24966,SW911509,1,Star Wars,Magazine Gift,2015,Imperial Shooter,,,,,,,http://images.brickset.com/sets/images/SW911509-1.jpg,No,No,0
25595,SW911510,1,Star Wars,Magazine Gift,2015,Micro Star Destroyer and TIE Fighter,,,,,,,http://images.brickset.com/sets/images/SW911510-1.jpg,No,No,0
25652,SW911511,1,Star Wars,Magazine Gift,2015,Jedi Weapon Stand,,,,,,,http://images.brickset.com/sets/images/SW911511-1.jpg,No,No,0
